-- phpMyAdmin SQL Dump
-- version 4.7.7
-- https://www.phpmyadmin.net/
--
-- Host: 127.0.0.1
-- Generation Time: Jul 12, 2018 at 09:26 AM
-- Server version: 10.1.30-MariaDB
-- PHP Version: 7.2.2

SET SQL_MODE = "NO_AUTO_VALUE_ON_ZERO";
SET AUTOCOMMIT = 0;
START TRANSACTION;
SET time_zone = "+00:00";


/*!40101 SET @OLD_CHARACTER_SET_CLIENT=@@CHARACTER_SET_CLIENT */;
/*!40101 SET @OLD_CHARACTER_SET_RESULTS=@@CHARACTER_SET_RESULTS */;
/*!40101 SET @OLD_COLLATION_CONNECTION=@@COLLATION_CONNECTION */;
/*!40101 SET NAMES utf8mb4 */;

--
-- Database: `arduino`
--

-- --------------------------------------------------------

--
-- Table structure for table `admin`
--

CREATE TABLE `admin` (
  `admin_id` text,
  `admin_email` text,
  `admin_password` text,
  `admin_type` text,
  `admin_flag` text,
  `course` text,
  `admin_part` text NOT NULL
) ENGINE=InnoDB DEFAULT CHARSET=latin1;

--
-- Dumping data for table `admin`
--

INSERT INTO `admin` (`admin_id`, `admin_email`, `admin_password`, `admin_type`, `admin_flag`, `course`, `admin_part`) VALUES
('111', 'a@b.c', '111', 'normal', '1', '0', 'a'),
('222', 'a@b.c', '111', 'teacher', '1', 'cse4211', 'a'),
('333', 'a@b.c', '111', 'teacher', '1', 'cse4221', 'a'),
('555', 'a@b.c', '111', 'normal', '1', '0', 'a'),
('999', 'fasd@ld.com', '111', 'teacher', '1', 'cse4211', 'b'),
('4211a', 'a@b.c', '111', 'teacher', '1', 'cse4211', 'a'),
('4211b', 'a@b.c', '111', 'teacher', '1', 'cse4211', 'b'),
('4212a', 'a@b.c', '111', 'teacher', '1', 'cse4212', 'a'),
('4212b', 'a@b.c', '111', 'teacher', '1', 'cse4212', 'b'),
('4221a', 'a@b.c', '111', 'teacher', '1', 'cse4212', 'a'),
('4221b', 'a@b.c', '111', 'teacher', '1', 'cse4212', 'b'),
('4222a', 'a@b.c', '111', 'teacher', '1', 'cse4222', 'a'),
('4222b', 'a@b.c', '111', 'teacher', '1', 'cse4222', 'b'),
('4231a', 'a@b.c', '111', 'teacher', '1', 'cse4231', 'a'),
('4231b', 'a@b.c', '111', 'teacher', '1', 'cse4231', 'b'),
('4232a', 'a@b.c', '111', 'teacher', '1', 'cse4232', 'a'),
('4232b', 'a@b.c', '111', 'teacher', '1', 'cse4232', 'b'),
('4251a', 'a@b.c', '111', 'teacher', '1', 'cse4251', 'a'),
('4251b', 'a@b.c', '111', 'teacher', '1', 'cse4251', 'b'),
('4252a', 'a@b.c', '111', 'teacher', '1', 'cse4252', 'a'),
('4252b', 'a@b.c', '111', 'teacher', '1', 'cse4252', 'b'),
('4280a', 'a@b.c', '111', 'teacher', '1', 'cse4280', 'a'),
('4280b', 'a@b.c', '111', 'teacher', '1', 'cse4280', 'b'),
('4292a', 'a@b.c', '111', 'teacher', '1', 'cse4292', 'a'),
('4292b', 'a@b.c', '111', 'teacher', '1', 'cse4292', 'b');

-- --------------------------------------------------------

--
-- Table structure for table `attendance`
--

CREATE TABLE `attendance` (
  `rfid` text,
  `active` text
) ENGINE=InnoDB DEFAULT CHARSET=latin1;

--
-- Dumping data for table `attendance`
--

INSERT INTO `attendance` (`rfid`, `active`) VALUES
('14:20:54:01', '0'),
('14045407', '0'),
('14075408', '0'),
('14015409', '0'),
('14235413', '0'),
('14235416', '0'),
('30:7A:F2:A2', '1'),
('14065418', '0'),
('15:40:B9:79', '0'),
('14025422', '0'),
('14025423', '0'),
('14245424', '0'),
('14045425', '0'),
('14085426', '0'),
('14235427', '0'),
('14065428', '0'),
('14105430', '0'),
('14115431', '0'),
('14235432', '0'),
('14075437', '0'),
('14245438', '0'),
('14015439', '0'),
('14035440', '0'),
('14055442', '0'),
('14055443', '0'),
('14085445', '0'),
('0A:89:2C:CB', '0'),
('14225447', '0'),
('14235448', '0'),
('14095449', '0'),
('13045409', '0'),
('13065457', '0'),
('12115433', '0');

-- --------------------------------------------------------

--
-- Table structure for table `course`
--

CREATE TABLE `course` (
  `course_code` text,
  `course_title` text,
  `course_flag` text,
  `course_type` text,
  `course_year` text,
  `course_credit` text
) ENGINE=InnoDB DEFAULT CHARSET=latin1;

--
-- Dumping data for table `course`
--

INSERT INTO `course` (`course_code`, `course_title`, `course_flag`, `course_type`, `course_year`, `course_credit`) VALUES
('cse4211', 'Artificial Intelligence', '1', '1', '4', '3'),
('cse4221', 'E-Commerce', '1', '1', '4', '3'),
('cse4231', 'Cryptography and Network Security', '1', '1', '4', '3'),
('cse4212', 'Artificial Intelligence Lab', '1', '1', '4', '1'),
('cse4222', 'E-Commerce Lab', '1', '1', '4', '1'),
('cse4232', 'Cryptography and Netword Security Lab', '1', '1', '4', '1'),
('cse4252', 'Multimedia System Lab', '1', '1', '4', '1'),
('cse4251', 'Multimedia System', '1', '1', '4', '3'),
('cse4280', 'Board viva-voce', '1', '1', '4', '2'),
('cse4292', 'Project (Part II)', '1', '1', '4', '2');

-- --------------------------------------------------------

--
-- Table structure for table `cse4211`
--

CREATE TABLE `cse4211` (
  `student_id` text,
  `student_attaindance` text,
  `class_test_marks` text,
  `part_a_marks` text,
  `part_b_marks` text,
  `student_flag` text,
  `student_year` text
) ENGINE=InnoDB DEFAULT CHARSET=latin1;

--
-- Dumping data for table `cse4211`
--

INSERT INTO `cse4211` (`student_id`, `student_attaindance`, `class_test_marks`, `part_a_marks`, `part_b_marks`, `student_flag`, `student_year`) VALUES
('14205401', '38', '20', '20', '16', '1', '4'),
('14045407', '38', '28', '24', '11', '1', '4'),
('14075408', '32', '25', '23', '19.5', '1', '4'),
('14015409', '32', '25', '23', '19.5', '1', '4'),
('14235413', '38', '25', '19.5', '23', '1', '4'),
('14235416', '32', '28', '19.5', '23', '1', '4'),
('14095417', '40', '28', '23', '19.5', '1', '4'),
('14065418', '32', '25', '19.5', '19.5', '1', '4'),
('14085421', '34', '28', '24', '26.5', '1', '4'),
('14025422', '38', '28', '19.5', '23', '1', '4'),
('14025423', '32', '25', '23', '19.5', '1', '4'),
('14245424', '38', '28', '19.5', '23', '1', '4'),
('14045425', '32', '28', '23', '19.5', '1', '4'),
('14085426', '32', '28', '19.5', '23', '1', '4'),
('14235427', '32', '28', '23', '19.5', '1', '4'),
('14065428', '32', '27', '19.5', '23', '1', '4'),
('14105430', '32', '27', '23', '19.5', '1', '4'),
('14115431', '38', '27', '23', '19.5', '1', '4'),
('14235432', '38', '27', '23', '19.5', '1', '4'),
('14075437', '38', '27', '23', '19.5', '1', '4'),
('14245438', '38', '27', '23', '19.5', '1', '4'),
('14015439', '32', '27', '19.5', '23', '1', '4'),
('14035440', '32', '25', '19.5', '23', '1', '4'),
('14055442', '38', '25', '19.5', '23', '1', '4'),
('14055443', '32', '25', '19.5', '23', '1', '4'),
('14085445', '38', '27', '19.5', '23', '1', '4'),
('14055446', '39', '25', '19.5', '23', '1', '4'),
('14225447', '32', '25', '23', '19.5', '1', '4'),
('14235448', '38', '25', '23', '19.5', '1', '4'),
('14095449', '32', '27', '23', '23', '1', '4'),
('13045409', '32', '25', '19.5', '23', '1', '4'),
('13065457', '38', '25', '23', '19.5', '1', '4'),
('12115433', '32', '25', '23', '23', '1', '4');

-- --------------------------------------------------------

--
-- Table structure for table `cse4212`
--

CREATE TABLE `cse4212` (
  `student_id` text,
  `student_attaindance` text,
  `class_test_marks` text,
  `part_a_marks` text,
  `part_b_marks` text,
  `student_flag` text,
  `student_year` text
) ENGINE=InnoDB DEFAULT CHARSET=latin1;

--
-- Dumping data for table `cse4212`
--

INSERT INTO `cse4212` (`student_id`, `student_attaindance`, `class_test_marks`, `part_a_marks`, `part_b_marks`, `student_flag`, `student_year`) VALUES
('14205401', '30', '27', '7.5', '6.5', '1', '4'),
('14045407', '30', '27', '5.75', '6.5', '1', '4'),
('14075408', '32', '27', '7.5', '5.75', '1', '4'),
('14015409', '32', '27', '7.5', '5.75', '1', '4'),
('14235413', '30', '27', '5.75', '6.5', '1', '4'),
('14235416', '32', '27', '5.75', '6.5', '1', '4'),
('14095417', '30', '27', '7.5', '5.75', '1', '4'),
('14065418', '32', '27', '5.75', '5.75', '1', '4'),
('14085421', '32', '27', '7.5', '5.75', '1', '4'),
('14025422', '30', '27', '5.75', '6.5', '1', '4'),
('14025423', '32', '27', '7.5', '5.75', '1', '4'),
('14245424', '30', '27', '5.75', '6.5', '1', '4'),
('14045425', '32', '27', '7.5', '5.75', '1', '4'),
('14085426', '32', '27', '5.75', '6.5', '1', '4'),
('14235427', '32', '27', '7.5', '5.75', '1', '4'),
('14065428', '32', '27', '5.75', '6.5', '1', '4'),
('14105430', '32', '27', '7.5', '5.75', '1', '4'),
('14115431', '30', '27', '7.5', '5.75', '1', '4'),
('14235432', '30', '27', '7.5', '5.75', '1', '4'),
('14075437', '30', '27', '7.5', '5.75', '1', '4'),
('14245438', '30', '27', '7.5', '5.75', '1', '4'),
('14015439', '32', '27', '5.75', '6.5', '1', '4'),
('14035440', '32', '27', '5.75', '6.5', '1', '4'),
('14055442', '30', '27', '5.75', '6.5', '1', '4'),
('14055443', '32', '27', '5.75', '6.5', '1', '4'),
('14085445', '30', '27', '5.75', '6.5', '1', '4'),
('14055446', '30', '27', '5.75', '6.5', '1', '4'),
('14225447', '32', '27', '7.5', '5.75', '1', '4'),
('14235448', '30', '27', '7.5', '5.75', '1', '4'),
('14095449', '32', '27', '7.5', '6.5', '1', '4'),
('13045409', '32', '27', '5.75', '6.5', '1', '4'),
('13065457', '30', '27', '7.5', '5.75', '1', '4'),
('12115433', '32', '27', '7.5', '6.5', '1', '4');

-- --------------------------------------------------------

--
-- Table structure for table `cse4221`
--

CREATE TABLE `cse4221` (
  `student_id` text,
  `student_attaindance` text,
  `class_test_marks` text,
  `part_a_marks` text,
  `part_b_marks` text,
  `student_flag` text,
  `student_year` text
) ENGINE=InnoDB DEFAULT CHARSET=latin1;

--
-- Dumping data for table `cse4221`
--

INSERT INTO `cse4221` (`student_id`, `student_attaindance`, `class_test_marks`, `part_a_marks`, `part_b_marks`, `student_flag`, `student_year`) VALUES
('14205401', '38', '23.5', '23.5', '16', '1', '4'),
('14045407', '38', '28.5', '24.5', '11', '1', '4'),
('14075408', '32', '23.5', '23.5', '24.5', '1', '4'),
('14015409', '32', '23.5', '23.5', '24.5', '1', '4'),
('14235413', '38', '23.5', '24.5', '23', '1', '4'),
('14235416', '32', '28.5', '24.5', '23', '1', '4'),
('14095417', '38', '28.5', '23.5', '24.5', '1', '4'),
('14065418', '32', '23.5', '24.5', '24.5', '1', '4'),
('14085421', '32', '23.5', '23.5', '24.5', '1', '4'),
('14025422', '38', '28.5', '24.5', '23', '1', '4'),
('14025423', '32', '23.5', '23.5', '24.5', '1', '4'),
('14245424', '38', '28.5', '24.5', '23', '1', '4'),
('14045425', '32', '28.5', '23.5', '24.5', '1', '4'),
('14085426', '32', '28.5', '24.5', '23', '1', '4'),
('14235427', '32', '28.5', '23.5', '24.5', '1', '4'),
('14065428', '32', '27.5', '24.5', '23', '1', '4'),
('14105430', '32', '27.5', '23.5', '24.5', '1', '4'),
('14115431', '38', '27.5', '23.5', '24.5', '1', '4'),
('14235432', '38', '27.5', '23.5', '24.5', '1', '4'),
('14075437', '38', '27.5', '23.5', '24.5', '1', '4'),
('14245438', '38', '27.5', '23.5', '24.5', '1', '4'),
('14015439', '32', '27.5', '24.5', '23', '1', '4'),
('14035440', '32', '23.5', '24.5', '23', '1', '4'),
('14055442', '38', '23.5', '24.5', '23', '1', '4'),
('14055443', '32', '23.5', '24.5', '23', '1', '4'),
('14085445', '38', '27.5', '24.5', '23', '1', '4'),
('14055446', '38', '27.5', '24.5', '23', '1', '4'),
('14225447', '32', '23.5', '23.5', '24.5', '1', '4'),
('14235448', '38', '23.5', '23.5', '24.5', '1', '4'),
('14095449', '32', '27.5', '23.5', '23', '1', '4'),
('13045409', '32', '23.5', '24.5', '23', '1', '4'),
('13065457', '38', '23.5', '23.5', '24.5', '1', '4'),
('12115433', '32', '23.5', '23.5', '23', '1', '4');

-- --------------------------------------------------------

--
-- Table structure for table `cse4222`
--

CREATE TABLE `cse4222` (
  `student_id` text,
  `student_attaindance` text,
  `class_test_marks` text,
  `part_a_marks` text,
  `part_b_marks` text,
  `student_flag` text,
  `student_year` text
) ENGINE=InnoDB DEFAULT CHARSET=latin1;

--
-- Dumping data for table `cse4222`
--

INSERT INTO `cse4222` (`student_id`, `student_attaindance`, `class_test_marks`, `part_a_marks`, `part_b_marks`, `student_flag`, `student_year`) VALUES
('14205401', '30', '27', '7.5', '6.5', '1', '4'),
('14045407', '30', '27', '5.75', '6.5', '1', '4'),
('14075408', '32', '27', '7.5', '5.75', '1', '4'),
('14015409', '32', '27', '7.5', '5.75', '1', '4'),
('14235413', '30', '27', '5.75', '6.5', '1', '4'),
('14235416', '32', '27', '5.75', '6.5', '1', '4'),
('14095417', '34', '27', '7.5', '5.75', '1', '4'),
('14065418', '32', '27', '5.75', '5.75', '1', '4'),
('14085421', '39', '27', '7.5', '5.75', '1', '4'),
('14025422', '30', '27', '5.75', '6.5', '1', '4'),
('14025423', '32', '27', '7.5', '5.75', '1', '4'),
('14245424', '30', '27', '5.75', '6.5', '1', '4'),
('14045425', '32', '27', '7.5', '5.75', '1', '4'),
('14085426', '32', '27', '5.75', '6.5', '1', '4'),
('14235427', '32', '27', '7.5', '5.75', '1', '4'),
('14065428', '32', '27', '5.75', '6.5', '1', '4'),
('14105430', '32', '27', '7.5', '5.75', '1', '4'),
('14115431', '30', '27', '7.5', '5.75', '1', '4'),
('14235432', '30', '27', '7.5', '5.75', '1', '4'),
('14075437', '30', '27', '7.5', '5.75', '1', '4'),
('14245438', '30', '27', '7.5', '5.75', '1', '4'),
('14015439', '32', '27', '5.75', '6.5', '1', '4'),
('14035440', '32', '27', '5.75', '6.5', '1', '4'),
('14055442', '30', '27', '5.75', '6.5', '1', '4'),
('14055443', '32', '27', '5.75', '6.5', '1', '4'),
('14085445', '30', '27', '5.75', '6.5', '1', '4'),
('14055446', '34', '27', '5.75', '6.5', '1', '4'),
('14225447', '32', '27', '7.5', '5.75', '1', '4'),
('14235448', '30', '27', '7.5', '5.75', '1', '4'),
('14095449', '32', '27', '7.5', '6.5', '1', '4'),
('13045409', '32', '27', '5.75', '6.5', '1', '4'),
('13065457', '30', '27', '7.5', '5.75', '1', '4'),
('12115433', '32', '27', '7.5', '6.5', '1', '4');

-- --------------------------------------------------------

--
-- Table structure for table `cse4231`
--

CREATE TABLE `cse4231` (
  `student_id` text,
  `student_attaindance` text,
  `class_test_marks` text,
  `part_a_marks` text,
  `part_b_marks` text,
  `student_flag` text,
  `student_year` text
) ENGINE=InnoDB DEFAULT CHARSET=latin1;

--
-- Dumping data for table `cse4231`
--

INSERT INTO `cse4231` (`student_id`, `student_attaindance`, `class_test_marks`, `part_a_marks`, `part_b_marks`, `student_flag`, `student_year`) VALUES
('14205401', '38', '24.5', '24.5', '16', '1', '4'),
('14045407', '38', '28.5', '25.5', '11', '1', '4'),
('14075408', '32', '24.5', '24.5', '25.5', '1', '4'),
('14015409', '32', '24.5', '24.5', '25.5', '1', '4'),
('14235413', '38', '24.5', '25.5', '23', '1', '4'),
('14235416', '32', '28.5', '25.5', '23', '1', '4'),
('14095417', '39', '28.5', '24.5', '25.5', '1', '4'),
('14065418', '32', '24.5', '25.5', '25.5', '1', '4'),
('14085421', '32', '24.5', '24.5', '25.5', '1', '4'),
('14025422', '38', '28.5', '25.5', '23', '1', '4'),
('14025423', '32', '24.5', '24.5', '25.5', '1', '4'),
('14245424', '38', '28.5', '25.5', '23', '1', '4'),
('14045425', '32', '28.5', '24.5', '25.5', '1', '4'),
('14085426', '32', '28.5', '25.5', '23', '1', '4'),
('14235427', '32', '28.5', '24.5', '25.5', '1', '4'),
('14065428', '32', '27.5', '25.5', '23', '1', '4'),
('14105430', '32', '27.5', '24.5', '25.5', '1', '4'),
('14115431', '38', '27.5', '24.5', '25.5', '1', '4'),
('14235432', '38', '27.5', '24.5', '25.5', '1', '4'),
('14075437', '38', '27.5', '24.5', '25.5', '1', '4'),
('14245438', '38', '27.5', '24.5', '25.5', '1', '4'),
('14015439', '32', '27.5', '25.5', '23', '1', '4'),
('14035440', '32', '24.5', '25.5', '23', '1', '4'),
('14055442', '38', '24.5', '25.5', '23', '1', '4'),
('14055443', '32', '24.5', '25.5', '23', '1', '4'),
('14085445', '38', '27.5', '25.5', '23', '1', '4'),
('14055446', '38', '27.5', '25.5', '23', '1', '4'),
('14225447', '32', '24.5', '24.5', '25.5', '1', '4'),
('14235448', '38', '24.5', '24.5', '25.5', '1', '4'),
('14095449', '32', '27.5', '24.5', '23', '1', '4'),
('13045409', '32', '24.5', '25.5', '23', '1', '4'),
('13065457', '38', '24.5', '24.5', '25.5', '1', '4'),
('12115433', '32', '24.5', '24.5', '23', '1', '4');

-- --------------------------------------------------------

--
-- Table structure for table `cse4232`
--

CREATE TABLE `cse4232` (
  `student_id` text,
  `student_attaindance` text,
  `class_test_marks` text,
  `part_a_marks` text,
  `part_b_marks` text,
  `student_flag` text,
  `student_year` text
) ENGINE=InnoDB DEFAULT CHARSET=latin1;

--
-- Dumping data for table `cse4232`
--

INSERT INTO `cse4232` (`student_id`, `student_attaindance`, `class_test_marks`, `part_a_marks`, `part_b_marks`, `student_flag`, `student_year`) VALUES
('14205401', '30', '27', '7.5', '6.5', '1', '4'),
('14045407', '30', '27', '5.75', '6.5', '1', '4'),
('14075408', '32', '27', '7.5', '5.75', '1', '4'),
('14015409', '32', '27', '7.5', '5.75', '1', '4'),
('14235413', '30', '27', '5.75', '6.5', '1', '4'),
('14235416', '32', '27', '5.75', '6.5', '1', '4'),
('14095417', '30', '27', '7.5', '5.75', '1', '4'),
('14065418', '32', '27', '5.75', '5.75', '1', '4'),
('14085421', '33', '27', '7.5', '5.75', '1', '4'),
('14025422', '30', '27', '5.75', '6.5', '1', '4'),
('14025423', '32', '27', '7.5', '5.75', '1', '4'),
('14245424', '30', '27', '5.75', '6.5', '1', '4'),
('14045425', '32', '27', '7.5', '5.75', '1', '4'),
('14085426', '32', '27', '5.75', '6.5', '1', '4'),
('14235427', '32', '27', '7.5', '5.75', '1', '4'),
('14065428', '32', '27', '5.75', '6.5', '1', '4'),
('14105430', '32', '27', '7.5', '5.75', '1', '4'),
('14115431', '30', '27', '7.5', '5.75', '1', '4'),
('14235432', '30', '27', '7.5', '5.75', '1', '4'),
('14075437', '30', '27', '7.5', '5.75', '1', '4'),
('14245438', '30', '27', '7.5', '5.75', '1', '4'),
('14015439', '32', '27', '5.75', '6.5', '1', '4'),
('14035440', '32', '27', '5.75', '6.5', '1', '4'),
('14055442', '30', '27', '5.75', '6.5', '1', '4'),
('14055443', '32', '27', '5.75', '6.5', '1', '4'),
('14085445', '30', '27', '5.75', '6.5', '1', '4'),
('14055446', '30', '27', '5.75', '6.5', '1', '4'),
('14225447', '32', '27', '7.5', '5.75', '1', '4'),
('14235448', '30', '27', '7.5', '5.75', '1', '4'),
('14095449', '32', '27', '7.5', '6.5', '1', '4'),
('13045409', '32', '27', '5.75', '6.5', '1', '4'),
('13065457', '30', '27', '7.5', '5.75', '1', '4'),
('12115433', '32', '27', '7.5', '6.5', '1', '4');

-- --------------------------------------------------------

--
-- Table structure for table `cse4251`
--

CREATE TABLE `cse4251` (
  `student_id` text,
  `student_attaindance` text,
  `class_test_marks` text,
  `part_a_marks` text,
  `part_b_marks` text,
  `student_flag` text,
  `student_year` text
) ENGINE=InnoDB DEFAULT CHARSET=latin1;

--
-- Dumping data for table `cse4251`
--

INSERT INTO `cse4251` (`student_id`, `student_attaindance`, `class_test_marks`, `part_a_marks`, `part_b_marks`, `student_flag`, `student_year`) VALUES
('14205401', '38', '23.5', '23.5', '16', '1', '4'),
('14045407', '38', '28.5', '24.5', '11', '1', '4'),
('14075408', '32', '23.5', '23.5', '24.5', '1', '4'),
('14015409', '32', '23.5', '23.5', '24.5', '1', '4'),
('14235413', '38', '23.5', '24.5', '23', '1', '4'),
('14235416', '32', '28.5', '24.5', '23', '1', '4'),
('14095417', '38', '28.5', '23.5', '24.5', '1', '4'),
('14065418', '32', '23.5', '24.5', '24.5', '1', '4'),
('14085421', '32', '23.5', '23.5', '24.5', '1', '4'),
('14025422', '38', '28.5', '24.5', '23', '1', '4'),
('14025423', '32', '23.5', '23.5', '24.5', '1', '4'),
('14245424', '38', '28.5', '24.5', '23', '1', '4'),
('14045425', '32', '28.5', '23.5', '24.5', '1', '4'),
('14085426', '32', '28.5', '24.5', '23', '1', '4'),
('14235427', '32', '28.5', '23.5', '24.5', '1', '4'),
('14065428', '32', '27.5', '24.5', '23', '1', '4'),
('14105430', '32', '27.5', '23.5', '24.5', '1', '4'),
('14115431', '38', '27.5', '23.5', '24.5', '1', '4'),
('14235432', '38', '27.5', '23.5', '24.5', '1', '4'),
('14075437', '38', '27.5', '23.5', '24.5', '1', '4'),
('14245438', '38', '27.5', '23.5', '24.5', '1', '4'),
('14015439', '32', '27.5', '24.5', '23', '1', '4'),
('14035440', '32', '23.5', '24.5', '23', '1', '4'),
('14055442', '38', '23.5', '24.5', '23', '1', '4'),
('14055443', '32', '23.5', '24.5', '23', '1', '4'),
('14085445', '38', '27.5', '24.5', '23', '1', '4'),
('14055446', '38', '27.5', '24.5', '23', '1', '4'),
('14225447', '32', '23.5', '23.5', '24.5', '1', '4'),
('14235448', '38', '23.5', '23.5', '24.5', '1', '4'),
('14095449', '32', '27.5', '23.5', '23', '1', '4'),
('13045409', '32', '23.5', '24.5', '23', '1', '4'),
('13065457', '38', '23.5', '23.5', '24.5', '1', '4'),
('12115433', '32', '23.5', '23.5', '23', '1', '4');

-- --------------------------------------------------------

--
-- Table structure for table `cse4252`
--

CREATE TABLE `cse4252` (
  `student_id` text,
  `student_attaindance` text,
  `class_test_marks` text,
  `part_a_marks` text,
  `part_b_marks` text,
  `student_flag` text,
  `student_year` text
) ENGINE=InnoDB DEFAULT CHARSET=latin1;

--
-- Dumping data for table `cse4252`
--

INSERT INTO `cse4252` (`student_id`, `student_attaindance`, `class_test_marks`, `part_a_marks`, `part_b_marks`, `student_flag`, `student_year`) VALUES
('14205401', '30', '27', '15.5', '16.5', '1', '4'),
('14045407', '30', '27', '14.5', '16.5', '1', '4'),
('14075408', '32', '27', '15.5', '14.5', '1', '4'),
('14015409', '32', '27', '15.5', '14.5', '1', '4'),
('14235413', '30', '27', '14.5', '16.5', '1', '4'),
('14235416', '32', '27', '14.5', '16.5', '1', '4'),
('14095417', '33', '27', '15.5', '14.5', '1', '4'),
('14065418', '32', '27', '14.5', '14.5', '1', '4'),
('14085421', '33', '27', '15.5', '14.5', '1', '4'),
('14025422', '30', '27', '14.5', '16.5', '1', '4'),
('14025423', '32', '27', '15.5', '14.5', '1', '4'),
('14245424', '30', '27', '14.5', '16.5', '1', '4'),
('14045425', '32', '27', '15.5', '14.5', '1', '4'),
('14085426', '32', '27', '14.5', '16.5', '1', '4'),
('14235427', '32', '27', '15.5', '14.5', '1', '4'),
('14065428', '32', '27', '14.5', '16.5', '1', '4'),
('14105430', '32', '27', '15.5', '14.5', '1', '4'),
('14115431', '30', '27', '15.5', '14.5', '1', '4'),
('14235432', '30', '27', '15.5', '14.5', '1', '4'),
('14075437', '30', '27', '15.5', '14.5', '1', '4'),
('14245438', '30', '27', '15.5', '14.5', '1', '4'),
('14015439', '32', '27', '14.5', '16.5', '1', '4'),
('14035440', '32', '27', '14.5', '16.5', '1', '4'),
('14055442', '30', '27', '14.5', '16.5', '1', '4'),
('14055443', '32', '27', '14.5', '16.5', '1', '4'),
('14085445', '30', '27', '14.5', '16.5', '1', '4'),
('14055446', '31', '27', '14.5', '16.5', '1', '4'),
('14225447', '32', '27', '15.5', '14.5', '1', '4'),
('14235448', '30', '27', '15.5', '14.5', '1', '4'),
('14095449', '32', '27', '15.5', '16.5', '1', '4'),
('13045409', '32', '27', '14.5', '16.5', '1', '4'),
('13065457', '30', '27', '15.5', '14.5', '1', '4'),
('12115433', '32', '27', '15.5', '16.5', '1', '4');

-- --------------------------------------------------------

--
-- Table structure for table `cse4280`
--

CREATE TABLE `cse4280` (
  `student_id` text,
  `student_attaindance` text,
  `class_test_marks` text,
  `part_a_marks` text,
  `part_b_marks` text,
  `student_flag` text,
  `student_year` text
) ENGINE=InnoDB DEFAULT CHARSET=latin1;

--
-- Dumping data for table `cse4280`
--

INSERT INTO `cse4280` (`student_id`, `student_attaindance`, `class_test_marks`, `part_a_marks`, `part_b_marks`, `student_flag`, `student_year`) VALUES
('14205401', '30', '27', '15.5', '16.5', '1', '4'),
('14045407', '30', '27', '14.5', '16.5', '1', '4'),
('14075408', '32', '27', '15.5', '14.5', '1', '4'),
('14015409', '32', '27', '15.5', '14.5', '1', '4'),
('14235413', '30', '27', '14.5', '16.5', '1', '4'),
('14235416', '32', '27', '14.5', '16.5', '1', '4'),
('14095417', '30', '27', '15.5', '14.5', '1', '4'),
('14065418', '32', '27', '14.5', '14.5', '1', '4'),
('14085421', '32', '27', '15.5', '14.5', '1', '4'),
('14025422', '30', '27', '14.5', '16.5', '1', '4'),
('14025423', '32', '27', '15.5', '14.5', '1', '4'),
('14245424', '30', '27', '14.5', '16.5', '1', '4'),
('14045425', '32', '27', '15.5', '14.5', '1', '4'),
('14085426', '32', '27', '14.5', '16.5', '1', '4'),
('14235427', '32', '27', '15.5', '14.5', '1', '4'),
('14065428', '32', '27', '14.5', '16.5', '1', '4'),
('14105430', '32', '27', '15.5', '14.5', '1', '4'),
('14115431', '30', '27', '15.5', '14.5', '1', '4'),
('14235432', '30', '27', '15.5', '14.5', '1', '4'),
('14075437', '30', '27', '15.5', '14.5', '1', '4'),
('14245438', '30', '27', '15.5', '14.5', '1', '4'),
('14015439', '32', '27', '14.5', '16.5', '1', '4'),
('14035440', '32', '27', '14.5', '16.5', '1', '4'),
('14055442', '30', '27', '14.5', '16.5', '1', '4'),
('14055443', '32', '27', '14.5', '16.5', '1', '4'),
('14085445', '30', '27', '14.5', '16.5', '1', '4'),
('14055446', '30', '27', '14.5', '16.5', '1', '4'),
('14225447', '32', '27', '15.5', '14.5', '1', '4'),
('14235448', '30', '27', '15.5', '14.5', '1', '4'),
('14095449', '32', '27', '15.5', '16.5', '1', '4'),
('13045409', '32', '27', '14.5', '16.5', '1', '4'),
('13065457', '30', '27', '15.5', '14.5', '1', '4'),
('12115433', '32', '27', '15.5', '16.5', '1', '4');

-- --------------------------------------------------------

--
-- Table structure for table `cse4292`
--

CREATE TABLE `cse4292` (
  `student_id` text,
  `student_attaindance` text,
  `class_test_marks` text,
  `part_a_marks` text,
  `part_b_marks` text,
  `student_flag` text,
  `student_year` text
) ENGINE=InnoDB DEFAULT CHARSET=latin1;

--
-- Dumping data for table `cse4292`
--

INSERT INTO `cse4292` (`student_id`, `student_attaindance`, `class_test_marks`, `part_a_marks`, `part_b_marks`, `student_flag`, `student_year`) VALUES
('14205401', '30', '27', '15.5', '16.5', '1', '4'),
('14045407', '30', '27', '14.5', '16.5', '1', '4'),
('14075408', '32', '27', '15.5', '14.5', '1', '4'),
('14015409', '32', '27', '15.5', '14.5', '1', '4'),
('14235413', '30', '27', '14.5', '16.5', '1', '4'),
('14235416', '32', '27', '14.5', '16.5', '1', '4'),
('14095417', '30', '27', '15.5', '14.5', '1', '4'),
('14065418', '32', '27', '14.5', '14.5', '1', '4'),
('14085421', '32', '27', '15.5', '14.5', '1', '4'),
('14025422', '30', '27', '14.5', '16.5', '1', '4'),
('14025423', '32', '27', '15.5', '14.5', '1', '4'),
('14245424', '30', '27', '14.5', '16.5', '1', '4'),
('14045425', '32', '27', '15.5', '14.5', '1', '4'),
('14085426', '32', '27', '14.5', '16.5', '1', '4'),
('14235427', '32', '27', '15.5', '14.5', '1', '4'),
('14065428', '32', '27', '14.5', '16.5', '1', '4'),
('14105430', '32', '27', '15.5', '14.5', '1', '4'),
('14115431', '30', '27', '15.5', '14.5', '1', '4'),
('14235432', '30', '27', '15.5', '14.5', '1', '4'),
('14075437', '30', '27', '15.5', '14.5', '1', '4'),
('14245438', '30', '27', '15.5', '14.5', '1', '4'),
('14015439', '32', '27', '14.5', '16.5', '1', '4'),
('14035440', '32', '27', '14.5', '16.5', '1', '4'),
('14055442', '30', '27', '14.5', '16.5', '1', '4'),
('14055443', '32', '27', '14.5', '16.5', '1', '4'),
('14085445', '30', '27', '14.5', '16.5', '1', '4'),
('14055446', '30', '27', '14.5', '16.5', '1', '4'),
('14225447', '32', '27', '15.5', '14.5', '1', '4'),
('14235448', '30', '27', '15.5', '14.5', '1', '4'),
('14095449', '32', '27', '15.5', '16.5', '1', '4'),
('13045409', '32', '27', '14.5', '16.5', '1', '4'),
('13065457', '30', '27', '15.5', '14.5', '1', '4'),
('12115433', '32', '27', '15.5', '16.5', '1', '4');

-- --------------------------------------------------------

--
-- Table structure for table `student`
--

CREATE TABLE `student` (
  `student_picture` text NOT NULL,
  `student_id` text,
  `student_rfid` text,
  `student_name` text,
  `student_email` text,
  `student_phone` text,
  `student_address` text,
  `student_flag` text,
  `student_year` text
) ENGINE=InnoDB DEFAULT CHARSET=latin1;

--
-- Dumping data for table `student`
--

INSERT INTO `student` (`student_picture`, `student_id`, `student_rfid`, `student_name`, `student_email`, `student_phone`, `student_address`, `student_flag`, `student_year`) VALUES
('14205401.jpg', '14205401', '14:25:54:01', 'Iffat Farhana', 'iffatfarhana11@gmail.com', '+880----------', 'Bla, Bla, Bla', '1', '4'),
('14045407.jpg', '14045407', '14045407', 'B.M. Shams Nahid', 'b.m.shamsnahid@gmail.com', '+880----------', 'Bla, Bla, Bla', '1', '4'),
('14075408.jpg', '14075408', '14075408', 'Md. Rajob Raihan', 'IAmMonmoy@gmail.com', '+880----------', 'Bla, Bla, Bla', '1', '4'),
('14015409.jpg', '14015409', '14015409', 'Md. Rayhan Kabir', 'rayhan.kk1995@gmail.com', '+880----------', 'Bla, Bla, Bla', '1', '4'),
('14235413.JPG', '14235413', '14235413', 'Afrina Ferdous', 'afrinaferdous95@gmail.com', '+880----------', 'Bla, Bla, Bla', '1', '4'),
('14235416.JPG', '14235416', '14235416', 'Sabrina Ferdous', 'sabrinaferdous95@gmail.com', '+880----------', 'Bla, Bla, Bla', '1', '4'),
('14095417.jpg', '14095417', '30:7A:F2:A2', 'Md. Zahidul Islam', 'zahidul.cse14@gmail.com', '+880----------', 'Bla, Bla, Bla', '1', '4'),
('14065418.jpg', '14065418', '14065418', 'Md. Nasir Wahid', '', '+880----------', 'Bla, Bla, Bla', '1', '4'),
('', '14085421', '15:40:B9:79', 'Rahat Rafiq', 'rahat.javafx@gmail.com', '+880----------', 'Bla, Bla, Bla', '1', '4'),
('', '14025422', '14025422', 'Md. Rabiul Islam', 'mrit.cse.ru@gmail.com', '+880----------', 'Bla, Bla, Bla', '1', '4'),
('14025423.jpg', '14025423', '14025423', 'Jaggesher Mondal', 'jaggesher14@gmail.com', '+880----------', 'Bla, Bla, Bla', '1', '4'),
('', '14245424', '14245424', 'Most. Ruksana Khatun', 'rukshad.cse@gmail.com', '+880----------', 'Bla, Bla, Bla', '1', '4'),
('14045425.jpg', '14045425', '14045425', 'Asim Ghosh', 'asim.ru.cse@gmail.com', '+880----------', 'Bla, Bla, Bla', '1', '4'),
('', '14085426', '14085426', 'Md. Mahbub Alom', 'mynamemahbub@gmail.com', '+880----------', 'Bla, Bla, Bla', '1', '4'),
('', '14235427', '14235427', 'Tanjilla Sarkar', 'tanjilla.tina@gmail.com', '+880----------', 'Bla, Bla, Bla', '1', '4'),
('14065428.JPG', '14065428', '14065428', 'Tanvir Ahmod', 'shoukhin1993@gmail.com', '+880----------', 'Bla, Bla, Bla', '1', '4'),
('', '14105430', '14105430', 'Anok Kumar Ghosh', 'anokghosh30@gmail.com', '+880----------', 'Bla, Bla, Bla', '1', '4'),
('14115431.jpg', '14115431', '14115431', 'Rafi ahmed', 'Rafikst4@gmail.com', '+880----------', 'Bla, Bla, Bla', '1', '4'),
('', '14235432', '14235432', 'Rakhi Rani Paul', 'rakhipaul.cse@gmail.com', '+880----------', 'Bla, Bla, Bla', '1', '4'),
('14075437.jpg', '14075437', '14075437', 'Md. Shohel Rana', 'ranacseru37@gmail.com', '+880----------', 'Bla, Bla, Bla', '1', '4'),
('14245438.jpg', '14245438', '14245438', 'Lamia Jabin Rimty', 'rimty@gmail.com', '+880----------', 'Rangpur, Bangladesh', '1', '4'),
('14015439.jpg', '14015439', '14015439', ' Shabbir Mahmood', 'shabbirmahmood1996@gmail.com', '+880----------', 'Bla, Bla, Bla', '1', '4'),
('14035440.jpg', '14035440', '14035440', 'Hasnain Mahmud', 'hasnainmahmud14@gmail.com', '+880----------', 'Bla, Bla, Bla', '1', '4'),
('', '14055442', '14055442', 'Mutakbir Hossain Rijvi', '', '+880----------', 'Bla, Bla, Bla', '1', '4'),
('', '14055443', '14055443', 'Nayeem Ahmed', 'nayeemahmedru@gmail.com', '+880----------', 'Bla, Bla, Bla', '1', '4'),
('14085445.jpg', '14085445', '14085445', 'Saddam Hossain', 'saddam14085445@gmail.com', '+880----------', 'Bla, Bla, Bla', '1', '4'),
('14055446.jpg', '14055446', '0A:89:2C:CB', 'Aktarul Islam', 'aktarul857@gmail.com', '+880----------', 'Bla, Bla, Bla', '1', '4'),
('14225447.jpg', '14225447', '14225447', 'Shefat E Millat Haque', 'shefat.cseru@gmail.com', '+880----------', 'Bla, Bla, Bla', '1', '4'),
('', '14235448', '14235448', 'Zohra Khatun', 'zohra.cse@gmail.com', '+880----------', 'Bla, Bla, Bla', '1', '4'),
('14095449.jpg', '14095449', '14095449', 'Md. Nuruzzaman', 'mr.nuruzzamancse@gmail.com', '+880----------', 'Bla, Bla, Bla', '1', '4'),
('', '13045409', '13045409', 'Mithu Ram Roy', 'mituramray09@gmail.com', '+880----------', 'Bla, Bla, Bla', '1', '4'),
('', '13065457', '13065457', 'Md. Atiqul Islam', '', '+880----------', 'Bla, Bla, Bla', '1', '4'),
('', '12115433', '12115433', 'Md. Ali Hasan', 'ronebd.90@gmail.com', '+880----------', 'Bla, Bla, Bla', '1', '4');
COMMIT;

/*!40101 SET CHARACTER_SET_CLIENT=@OLD_CHARACTER_SET_CLIENT */;
/*!40101 SET CHARACTER_SET_RESULTS=@OLD_CHARACTER_SET_RESULTS */;
/*!40101 SET COLLATION_CONNECTION=@OLD_COLLATION_CONNECTION */;
